{
  "tables": [
    {
      "id": "table-1",
      "region": {
        "x": 0.3492152466367713,
        "y": 0.5198098256735341,
        "w": 0.5302690582959642,
        "h": 0.4294770206022187
      },
      "columns": [],
      "startPage": 1,
      "endPage": 2,
      "endY": null,
      "endMatchWords": null,
      "startMatchWords": [
        {
          "text": "pelo",
          "x0": 0.3497468354961992,
          "x1": 0.37732117088740497
        },
        {
          "text": "Pix",
          "x0": 0.3808769854269035,
          "x1": 0.39917936667926585
        },
        {
          "text": "INUNDAWEB",
          "x0": 0.4396497249170552,
          "x1": 0.5189108437276889
        },
        {
          "text": "INTER",
          "x0": 0.4396497249170552,
          "x1": 0.47663019612784
        }
      ]
    }
  ],
  "ignores": [],
  "footers": []
}